EmployeId,Daily,Hour,Monthly,MonthlyRate,OverTime,Hours
IDSL227,129,97,6287,4984,Yes,80
IDSL030,134,64,4866,24079,No,80
IDRD581,934,82,19833,25706,Yes,80
IDRD633,1201,32,7854,3642,No,80
IDRD122,1478,42,18731,13254,No,80
IDRD438,1169,89,13156,11590,No,80
IDRD429,1378,36,4222,16148,No,80
IDRD067,541,73,2109,12341,No,80
IDSL343,1112,84,3644,13423,Yes,80
IDSL177,156,100,5262,14152,No,80
IDHR053,755,90,6767,12899,Yes,80
IDRD590,1299,65,9669,20298,No,80
IDSL090,558,64,8487,26413,Yes,80
IDRD440,791,94,3637,13725,Yes,80
IDRD715,890,72,4932,15105,No,80
IDRD525,141,56,3621,10089,Yes,80
IDRD305,468,98,19450,22562,No,80
IDRD384,1032,85,18708,4051,No,80
IDRD241,842,60,2876,5880,No,80
IDRD827,1003,49,6187,14328,Yes,80
IDRD599,1225,69,18534,12313,No,80
IDSL358,978,30,2500,8479,No,80
IDSL058,1055,99,4240,4000,No,80
IDSL282,453,89,4502,14440,No,80
IDRD088,535,87,3305,19991,Yes,80
IDRD532,1252,34,2899,23787,Yes,80
IDRD577,122,33,5509,7401,No,80
IDRD625,207,67,4707,9981,No,80
IDSL317,261,40,10167,18049,No,80
IDSL165,1490,74,11666,2243,Yes,80
IDSL076,1327,77,8779,22059,No,80
IDSL173,1315,36,19319,21739,Yes,80
IDRD057,142,60,2056,17325,Yes,80
IDSL091,637,56,2830,14968,No,80
IDRD418,637,87,4458,23091,No,80
IDRD729,230,100,5500,23732,No,80
IDRD136,794,92,13207,13130,No,80
IDRD563,503,83,5458,23662,No,80
IDRD762,403,68,4209,12072,No,80
IDRD209,688,52,16140,17376,No,80
IDSL301,533,88,4106,13521,Yes,80
IDRD074,111,51,4564,14657,No,80
IDRD213,693,52,4026,11429,No,80
IDSL422,618,35,17630,2243,No,80
IDRD836,927,30,2481,12569,No,80
IDSL280,167,50,19717,26933,No,80
IDRD371,1287,86,4959,6242,No,80
IDRD773,907,43,7481,26583,No,80
IDHR056,109,40,2386,5100,No,80
IDRD405,880,90,3107,10074,No,80
IDRD187,653,32,5008,19470,No,80
IDRD681,452,32,2374,13928,No,80
IDRD154,600,55,14495,15605,Yes,80
IDRD645,510,62,2401,4978,No,80
IDRD304,231,94,2527,22870,No,80
IDSL376,697,87,19717,14087,Yes,80
IDSL356,1151,91,4301,2252,No,80
IDRD960,1315,99,5197,4295,Yes,80
IDRD703,320,74,13346,19047,Yes,80
IDRD301,115,68,2432,12836,No,80
IDRD943,382,80,10845,9032,Yes,80
IDRD155,440,79,5114,23334,No,80
IDSL017,1495,58,4879,26933,Yes,80
IDRD912,295,37,7833,19133,No,80
IDHR007,505,76,4871,15814,No,80
IDRD251,743,41,4520,26897,No,80
IDRD882,557,97,19589,17433,Yes,80
IDRD854,1198,73,3448,12026,No,80
IDRD055,1341,68,4270,7802,No,80
IDRD407,457,95,2883,14153,No,80
IDRD705,185,44,4364,9340,Yes,80
IDSL172,1255,86,4621,17534,No,80
IDRD093,418,73,3047,26174,No,80
IDRD471,812,64,4711,22878,No,80
IDRD017,1328,43,5520,9984,No,80
IDRD441,167,32,2189,15984,No,80
IDRD219,276,47,4245,7521,No,80
IDRD423,609,33,2082,9268,No,80
IDSL024,518,67,19845,22716,No,80
IDRD434,1227,41,1509,25597,No,80
IDRD373,1269,31,2846,18567,No,80
IDSL396,826,51,4540,10480,No,80
IDRD954,1436,81,2171,7131,No,80
IDRD491,1049,62,3527,26897,Yes,80
IDRD569,1318,77,6885,16874,No,80
IDSL100,109,44,6067,13915,No,80
IDSL041,212,42,3164,15087,Yes,80
IDRD037,464,62,2650,26933,Yes,80
IDHR044,1257,44,4249,23387,Yes,80
IDSL064,720,74,5975,5157,Yes,80
IDSL128,480,86,2445,26475,Yes,80
IDHR008,1078,45,5322,17279,No,80
IDRD013,1144,51,19522,18474,Yes,80
IDSL246,195,41,9502,22754,No,80
IDRD866,526,57,2458,20343,Yes,80
IDRD201,189,81,11401,6079,No,80
IDRD206,317,73,10900,6851,Yes,80
IDRD660,1278,50,3691,6224,Yes,80
IDRD642,1186,52,3277,16557,No,80
IDRD417,1131,54,2217,3259,Yes,80
IDSL223,1131,62,7231,2593,No,80
IDRD523,945,30,3118,21841,Yes,80
IDRD328,939,35,5357,20184,No,80
IDSL254,990,41,4869,22359,No,80
IDRD409,547,72,6367,22467,No,80
IDRD079,518,96,4281,15482,No,80
IDRD620,852,31,2506,8129,No,80
IDRD601,1036,59,2519,26897,No,80
IDRD690,664,32,9629,5116,Yes,80
IDSL394,1455,66,10943,10828,No,80
IDRD036,120,90,2064,25031,No,80
IDRD713,436,57,3068,7359,No,80
IDSL255,377,49,6079,18084,No,80
IDHR061,1271,97,4507,9707,No,80
IDSL403,1085,78,5355,9459,Yes,80
IDRD764,1374,41,4622,19228,No,80
IDRD387,1426,75,15000,23054,No,80
IDRD924,841,74,3302,15027,No,80
IDRD174,633,48,2543,6946,Yes,80
IDRD717,1290,39,2911,15062,No,80
IDRD593,406,54,11511,21676,No,80
IDRD108,671,71,2047,17974,No,80
IDRD364,294,55,2523,6077,No,80
IDSL079,969,79,5048,9770,No,80
IDRD360,555,89,2852,6804,Yes,80
IDSL297,980,91,19151,7480,No,80
IDRD752,506,70,2360,7279,No,80
IDRD515,1495,62,10573,3782,No,80
IDRD419,1019,38,6037,12653,No,80
IDRD016,1397,73,2885,16833,Yes,80
IDSL118,111,96,4494,11966,No,80
IDRD254,172,67,6386,21770,No,80
IDSL367,1070,69,6027,15348,Yes,80
IDRD464,830,61,4578,22077,No,80
IDRD506,485,36,2101,16313,No,80
IDRD571,231,98,18398,22552,No,80
IDRD470,975,65,2038,5466,No,80
IDRD049,926,44,4842,14314,No,80
IDRD748,954,30,2461,22882,No,80
IDRD650,461,75,1102,13816,Yes,80
IDSL327,141,45,4218,24194,Yes,80
IDSL340,1021,34,4770,13722,Yes,80
IDRD618,388,75,2798,15955,No,80
IDSL109,1424,35,5481,9021,No,80
IDSL120,1284,62,10657,19028,No,80
IDRD868,111,59,5460,13748,Yes,80
IDRD247,507,50,3498,20919,Yes,80
IDRD291,1088,78,9262,19782,Yes,80
IDHR018,244,66,10220,12495,No,80
IDRD406,828,66,3934,26897,No,80
IDSL325,964,79,2235,14906,Yes,80
IDSL405,1233,51,4647,17202,No,80
IDSL378,1295,37,16758,14498,Yes,80
IDRD032,575,81,8940,15520,No,80
IDRD519,328,63,4450,18673,No,80
IDRD119,1217,42,5401,12978,Yes,80
IDRD503,1107,31,13795,18395,No,80
IDSL137,378,30,6848,21520,No,80
IDRD415,1293,68,1230,16131,Yes,80
IDRD902,951,80,13367,20867,Yes,80
IDRD116,1253,52,1534,23938,No,80
IDSL418,1043,56,5717,13296,No,80
IDRD263,1216,45,3821,9972,Yes,80
IDRD467,236,41,5587,26647,No,80
IDRD437,510,62,3033,3842,Yes,80
IDRD457,930,86,15709,25543,No,80
IDSL067,430,94,4681,15493,No,80
IDSL373,268,45,2252,26933,No,80
IDHR009,790,71,6734,2227,No,80
IDRD469,425,55,3441,6767,No,80
IDRD708,1085,42,9417,3964,No,80
IDRD885,797,49,3860,14576,No,80
IDRD143,170,76,19779,10983,No,80
IDRD442,250,70,13252,8430,No,80
IDRD947,442,46,2900,26897,No,80
IDRD397,461,84,4099,16810,No,80
IDSL020,438,73,2311,8932,Yes,80
IDRD385,516,31,4960,18420,No,80
IDRD679,1000,50,2200,14160,No,80
IDSL178,1135,88,5786,2380,Yes,80
IDSL234,381,51,10367,13746,No,80
IDHR004,546,87,18121,26862,No,80
IDRD427,109,99,5040,22207,Yes,80
IDSL434,1154,63,9693,23239,No,80
IDRD880,1090,45,4139,17186,No,80
IDRD317,854,32,6694,22239,No,80
IDRD920,203,58,2679,25158,No,80
IDRD282,661,92,14243,14680,No,80
IDRD021,964,47,10417,12387,No,80
IDSL221,1411,89,6145,19474,No,80
IDRD200,331,97,6887,6559,No,80
IDRD436,808,89,10371,23124,No,80
IDSL408,1304,98,9000,25861,No,80
IDSL382,1149,84,9234,14079,No,80
IDRD114,325,74,11169,13194,No,80
IDSL225,882,80,2220,18250,Yes,80
IDRD730,619,62,9790,9318,No,80
IDRD524,1130,78,2327,22308,Yes,80
IDSL112,240,36,5668,20742,Yes,80
IDSL202,394,51,5596,21864,No,80
IDRD890,1336,95,10455,22282,Yes,80
IDSL054,330,81,4492,2988,No,80
IDRD112,310,35,4445,26894,Yes,80
IDRD661,1419,80,13105,6173,No,80
IDRD376,1441,75,2975,5095,No,80
IDRD568,1126,71,3909,24123,No,80
IDSL235,185,75,6140,9232,No,80
IDRD585,1158,45,2024,17091,No,80
IDSL175,1335,39,8957,10553,No,80
IDRD624,1326,52,4601,2125,No,80
IDRD165,960,38,2100,14721,No,80
IDHR045,1169,45,4088,16324,Yes,80
IDSL107,1495,52,4171,16527,No,80
IDRD727,527,64,2274,6578,No,80
IDRD163,912,93,9988,22776,No,80
IDRD536,878,86,2556,5449,No,80
IDRD539,1397,59,4034,9856,No,80
IDRD444,111,30,19833,20423,No,80
IDRD505,939,38,2009,23419,No,80
IDRD959,1236,34,19581,20605,No,80
IDSL300,1047,100,11713,8346,No,80
IDHR064,1174,80,13250,5159,No,80
IDSL037,363,73,3929,20147,Yes,80
IDRD312,913,61,2651,3233,No,80
IDSL071,461,94,19766,9738,No,80
IDSL324,521,90,19505,11560,Yes,80
IDRD538,1151,68,3279,16325,No,80
IDSL154,107,79,4887,18020,No,80
IDRD044,266,72,3107,22582,No,80
IDSL191,1138,32,8338,22491,No,80
IDSL347,309,37,8825,12818,Yes,80
IDRD218,872,65,17888,4656,Yes,80
IDSL033,1194,73,2371,8685,No,80
IDRD189,705,65,2430,25565,No,80
IDRD831,1244,62,5378,3872,Yes,80
IDRD392,403,90,3879,11149,No,80
IDRD299,493,92,2019,16799,No,80
IDRD480,685,50,6175,22333,No,80
IDSL181,205,61,2919,13452,No,80
IDSL122,508,52,6266,2125,No,80
IDRD591,363,71,16652,7696,No,80
IDRD677,111,88,4493,2227,No,80
IDSL026,1200,81,2098,20303,No,80
IDRD933,171,86,3906,3155,No,80
IDRD287,1161,31,11977,8635,No,80
IDRD859,691,69,2770,7306,No,80
IDRD604,669,37,3925,23735,No,80
IDSL199,1377,54,5508,2740,Yes,80
IDRD426,662,50,6335,19351,Yes,80
IDSL357,831,30,4479,20086,No,80
IDSL289,1224,56,6702,12911,No,80
IDRD619,990,64,5307,16778,Yes,80
IDRD514,561,73,13856,13564,No,80
IDRD202,377,37,2309,15165,Yes,80
IDSL322,505,74,5461,20462,No,80
IDRD863,365,81,11839,15825,No,80
IDRD815,912,91,18637,23440,No,80
IDRD344,269,70,10565,17188,No,80
IDSL003,322,56,19777,18524,No,80
IDSL126,993,44,10132,6052,No,80
IDSL057,481,87,2270,11392,Yes,80
IDSL130,538,83,9220,24468,Yes,80
IDRD278,656,43,14381,24282,No,80
IDRD852,790,45,6027,6877,No,80
IDSL387,446,99,4288,12019,No,80
IDRD901,1393,42,3765,4176,No,80
IDRD097,450,97,2601,12584,No,80
IDSL179,418,71,5404,8520,No,80
IDRD542,1426,85,3389,11357,No,80
IDRD232,1267,74,6041,15305,No,80
IDHR019,667,67,13737,5255,Yes,80
IDRD829,1452,66,2737,2137,No,80
IDRD105,487,90,6884,19010,Yes,80
IDRD684,511,58,2097,15262,No,80
IDRD082,865,97,7633,17211,No,80
IDRD065,1391,75,5620,19581,Yes,80
IDRD008,495,83,4168,22272,No,80
IDRD414,127,57,4233,10035,No,80
IDRD828,111,46,19043,24442,No,80
IDSL082,513,71,9245,3554,No,80
IDSL115,188,93,10825,22414,No,80
IDRD175,1495,81,17296,19995,No,80
IDRD926,140,40,4665,9134,No,80
IDSL069,360,51,4393,13582,No,80
IDRD770,628,79,2073,12812,No,80
IDSL334,1354,70,4562,23160,No,80
IDRD447,964,81,3566,19626,No,80
IDRD358,480,37,6092,4471,No,80
IDRD799,669,52,3889,12534,No,80
IDRD339,1406,34,1118,14676,No,80
IDHR063,164,71,18522,14264,Yes,80
IDSL117,448,89,2106,23537,No,80
IDSL259,845,63,4547,16391,Yes,80
IDRD857,1331,47,4602,7154,No,80
IDSL208,386,42,2830,14710,No,80
IDSL155,466,58,2299,17420,No,80
IDRD158,1128,96,6476,15990,Yes,80
IDRD631,1193,88,13848,3781,No,80
IDRD330,1448,53,3285,2125,No,80
IDHR021,797,69,3361,12655,No,80
IDRD283,313,83,19496,9644,No,80
IDRD498,610,68,9688,25936,No,80
IDRD368,111,39,10732,6159,No,80
IDRD638,835,34,2051,10251,No,80
IDRD193,867,96,19223,18888,Yes,80
IDSL101,702,93,9401,15012,Yes,80
IDRD821,1145,93,2420,15268,No,80
IDRD335,348,62,5278,12977,Yes,80
IDRD459,716,81,6464,8489,No,80
IDRD348,1264,63,16860,13257,Yes,80
IDSL392,557,30,4068,19093,Yes,80
IDSL113,1315,30,17091,19751,No,80
IDSL319,548,33,13961,22695,No,80
IDRD818,145,43,2562,22250,No,80
IDRD341,147,69,2774,26894,Yes,80
IDRD180,654,96,10467,10074,No,80
IDRD153,1495,57,4743,26040,Yes,80
IDRD572,235,36,2386,6168,No,80
IDHR046,1189,37,3168,11658,No,80
IDRD128,932,61,4238,8570,No,80
IDSL080,1023,71,5130,21963,No,80
IDRD056,249,93,2320,3158,No,80
IDRD331,683,95,5407,5930,No,80
IDRD462,862,91,2791,13232,No,80
IDRD848,1083,95,8798,16760,Yes,80
IDSL075,1492,31,8471,26897,No,80
IDSL273,1392,30,17539,21374,Yes,80
IDSL236,1379,83,19845,3930,No,80
IDRD451,1372,73,5300,3521,No,80
IDRD586,526,68,4712,24323,Yes,80
IDSL270,822,77,4377,5494,No,80
IDRD403,751,44,2407,6138,No,80
IDRD623,1336,75,10546,6145,No,80
IDSL111,986,90,5291,25690,No,80
IDHR059,221,86,2030,16321,No,80
IDRD009,1044,81,4140,9628,No,80
IDRD582,1326,86,3730,13228,No,80
IDRD932,589,53,10494,22314,No,80
IDRD110,783,63,2886,18725,Yes,80
IDRD173,991,76,2920,7621,No,80
IDRD720,679,62,4502,14765,Yes,80
IDRD802,1319,76,19624,15606,No,80
IDRD862,595,59,4959,4903,Yes,80
IDRD646,1325,73,10170,24509,No,80
IDRD746,656,31,2823,15131,No,80
IDRD240,833,65,19845,11741,No,80
IDRD952,345,46,5022,5742,Yes,80
IDRD927,576,68,2336,5910,No,80
IDSL131,1338,61,4268,5599,Yes,80
IDRD379,111,43,3340,6402,No,80
IDRD917,1168,67,13486,25894,No,80
IDHR029,648,37,6624,24919,No,80
IDRD549,1381,86,2881,4001,No,80
IDHR043,491,47,6123,24890,No,80
IDRD004,1370,40,2332,14251,No,80
IDSL437,1028,69,19787,18796,Yes,80
IDSL072,320,62,4028,15528,Yes,80
IDRD784,1490,60,2129,26650,No,80
IDRD264,949,56,2010,9167,No,80
IDRD963,234,74,1545,19838,No,80
IDRD336,414,33,4407,6924,No,80
IDRD259,1006,30,3565,16670,No,80
IDRD936,1414,96,10367,10822,Yes,80
IDRD053,1081,96,2423,24376,No,80
IDRD077,744,42,3182,24634,No,80
IDRD796,496,84,5870,22246,No,80
IDRD805,111,59,2266,3870,No,80
IDSL332,620,44,7088,4350,No,80
IDRD813,895,53,2309,10025,No,80
IDSL364,552,54,13205,9511,No,80
IDSL267,1495,78,7468,10587,No,80
IDSL187,245,40,6335,4356,No,80
IDRD844,808,91,3263,23035,No,80
IDRD826,111,44,3328,13342,Yes,80
IDSL415,239,72,17368,9433,Yes,80
IDRD118,419,94,3247,26277,No,80
IDRD062,1492,51,19717,2174,No,80
IDSL087,1495,48,6614,6998,No,80
IDRD318,519,31,2951,11303,No,80
IDSL228,297,46,9252,21528,No,80
IDSL385,1298,73,4624,17154,No,80
IDRD323,1057,43,19335,17610,No,80
IDRD307,1229,37,5207,14418,No,80
IDRD508,1153,35,3799,17045,Yes,80
IDRD850,1161,94,4203,21448,No,80
IDRD838,1091,65,2394,5838,No,80
IDSL419,347,90,19326,13887,Yes,80
IDRD123,179,93,2766,18481,Yes,80
IDRD081,1321,64,8884,8608,No,80
IDRD603,613,33,2937,4559,Yes,80
IDSL209,992,98,6540,14063,No,80
IDRD953,1135,74,13052,22793,No,80
IDRD402,426,85,10456,25344,No,80
IDRD562,782,81,7213,13783,Yes,80
IDSL426,1044,32,9262,12398,No,80
IDRD738,1406,49,2613,25729,No,80
IDSL106,1165,69,6871,12577,No,80
IDSL127,1344,30,6709,14313,Yes,80
IDRD567,150,71,4220,6542,Yes,80
IDSL298,1313,57,4388,12165,No,80
IDRD294,1384,85,2032,17103,No,80
IDSL005,371,32,5321,26365,No,80
IDRD041,948,91,10729,15172,No,80
IDSL285,1187,66,9723,11297,No,80
IDRD597,533,54,2227,24969,No,80
IDSL201,785,93,4338,11651,No,80
IDRD669,896,83,3326,13476,No,80
IDRD092,714,86,3694,17801,No,80
IDRD855,1189,65,10463,17848,No,80
IDRD027,1158,39,2674,17722,No,80
IDRD071,1338,83,5863,22891,No,80
IDRD934,990,75,5724,16250,No,80
IDRD847,1226,69,5577,16995,No,80
IDSL242,1092,90,17950,5999,No,80
IDRD381,796,37,2234,3374,No,80
IDSL097,109,47,9833,25897,Yes,80
IDRD493,200,71,3633,16959,No,80
IDRD494,1409,100,17454,9851,Yes,80
IDRD117,911,84,3062,4720,No,80
IDRD169,235,79,1914,17928,No,80
IDSL294,1145,91,4907,22109,No,80
IDRD657,851,69,5009,2489,No,80
IDSL352,109,98,6213,18045,Yes,80
IDRD238,1269,92,2979,10430,Yes,80
IDSL402,1374,57,7707,24165,Yes,80
IDRD313,770,50,2666,16877,No,80
IDRD192,549,53,1661,26897,No,80
IDRD658,201,43,3950,26862,No,80
IDRD162,287,40,3386,23964,No,80
IDSL204,1018,81,5494,13494,No,80
IDSL008,109,73,13411,21758,No,80
IDRD211,458,92,17631,26724,Yes,80
IDSL348,144,33,11521,13353,No,80
IDRD260,843,66,17142,2137,Yes,80
IDRD195,327,83,3513,8895,No,80
IDRD874,360,64,3395,21373,No,80
IDRD166,623,58,2414,23197,No,80
IDSL244,693,77,6273,15762,No,80
IDRD370,351,65,2488,11226,No,80
IDRD778,1156,71,9206,13218,No,80
IDRD481,1058,67,2818,9024,No,80
IDRD159,780,86,2119,2137,Yes,80
IDRD728,1174,46,5220,7577,No,80
IDRD691,808,93,4993,8647,No,80
IDRD533,844,84,4624,22950,No,80
IDRD615,366,44,4672,2137,No,80
IDSL004,656,32,3691,25202,No,80
IDHR010,1342,69,4145,23993,No,80
IDRD184,282,95,2103,12939,No,80
IDSL271,443,57,4439,10793,Yes,80
IDSL342,954,70,2268,17818,No,80
IDRD692,549,99,5700,23018,No,80
IDRD747,306,35,2041,3080,No,80
IDRD361,1282,50,3814,7947,No,80
IDSL308,1373,31,1311,21235,No,80
IDRD946,877,34,3996,26862,No,80
IDSL123,1259,84,1200,6539,No,80
IDRD906,134,35,3979,18225,No,80
IDRD664,713,100,2352,9721,No,80
IDRD896,297,71,3510,6432,Yes,80
IDSL383,364,47,1449,6972,No,80
IDRD759,174,57,4211,6333,Yes,80
IDRD039,700,45,2514,2125,No,80
IDSL025,1047,81,19567,2125,Yes,80
IDRD501,1109,58,2173,2731,No,80
IDRD606,774,66,9144,12104,No,80
IDRD594,628,38,17584,21354,No,80
IDSL012,237,76,4691,3203,No,80
IDSL088,810,63,6244,19980,No,80
IDRD517,1343,76,2609,8132,No,80
IDRD300,107,57,2300,15176,No,80
IDSL167,1348,46,13266,7532,No,80
IDRD137,1228,68,13741,9078,No,80
IDRD622,917,31,6932,21551,No,80
IDSL068,593,91,4503,14568,No,80
IDSL345,170,90,6337,14079,No,80
IDSL346,1442,96,8242,2125,Yes,80
IDRD793,109,57,6337,26897,Yes,80
IDSL333,111,92,18844,9018,Yes,80
IDRD783,481,48,7800,22137,No,80
IDRD907,1126,76,2940,6966,No,80
IDRD779,585,52,1823,16619,No,80
IDSL306,137,90,4451,21318,No,80
IDRD198,424,92,3106,13507,Yes,80
IDRD104,469,75,18412,16275,No,80
IDRD181,787,35,5575,26933,No,80
IDSL360,682,86,19478,6528,No,80
IDRD120,385,78,4244,17628,No,80
IDRD942,1023,85,9518,3956,No,80
IDRD702,398,75,13731,15966,No,80
IDSL245,138,98,3664,19436,No,80
IDRD190,641,34,4501,26638,No,80
IDRD177,942,94,5620,10019,No,80
IDRD073,682,83,4593,18231,No,80
IDRD400,1157,70,3205,4850,No,80
IDRD716,923,66,3241,9628,Yes,80
IDRD640,1159,69,3192,5491,No,80
IDRD769,350,97,2901,11721,No,80
IDSL160,867,39,5229,24552,No,80
IDRD472,1299,85,3326,7563,No,80
IDRD877,1262,56,17410,2243,No,80
IDRD891,382,86,4782,19298,Yes,80
IDSL263,776,50,9234,12663,No,80
IDSL217,879,40,8428,25074,Yes,80
IDRD921,1174,74,4907,23586,Yes,80
IDRD520,1307,52,6016,16662,No,80
IDRD810,461,82,3219,10675,No,80
IDSL215,230,78,4999,10298,No,80
IDSL424,575,32,2190,5297,No,80
IDRD544,460,58,2071,4182,No,80
IDRD141,1134,51,3631,6335,Yes,80
IDSL148,443,56,15411,9455,No,80
IDRD678,422,76,2886,16242,No,80
IDHR005,1425,44,1118,13723,No,80
IDSL428,564,92,7906,16747,Yes,80
IDSL393,1424,44,17063,21873,No,80
IDRD170,176,76,17673,9454,Yes,80
IDRD944,366,33,4113,26876,No,80
IDSL163,1068,70,2760,9585,No,80
IDSL013,400,40,9280,22013,No,80
IDSL359,1495,56,6303,2227,No,80
IDSL410,1068,92,19439,4759,No,80
IDSL162,463,66,4749,8312,No,80
IDRD138,1462,76,11865,13270,Yes,80
IDSL354,231,70,4456,13387,No,80
IDRD518,162,65,19585,8664,No,80
IDRD191,242,30,3471,15307,No,80
IDSL272,640,38,2085,3358,No,80
IDRD132,441,30,9061,14314,No,80
IDRD487,451,66,2775,6273,No,80
IDRD377,111,83,5297,17003,Yes,80
IDRD340,553,41,4787,9533,No,80
IDRD595,1271,75,3904,11160,Yes,80
IDRD248,1152,59,6453,5204,No,80
IDRD346,996,37,19420,15310,No,80
IDRD651,654,48,7735,21656,Yes,80
IDSL014,211,90,2313,14904,No,80
IDRD268,124,68,2404,2718,No,80
IDSL276,214,98,7393,6777,Yes,80
IDRD366,958,73,8228,13428,No,80
IDHR041,1299,87,6265,7482,No,80
IDRD461,1100,100,19717,3942,Yes,80
IDHR026,649,87,18438,21880,No,80
IDRD565,398,83,1983,18247,Yes,80
IDRD014,531,91,17218,12066,No,80
IDSL142,511,59,2991,24432,Yes,80
IDSL045,368,55,9608,13079,No,80
IDSL105,1253,92,5517,16540,Yes,80
IDRD592,1492,51,10942,15202,No,80
IDSL311,260,68,2758,26847,Yes,80
IDRD273,207,72,3933,24188,No,80
IDRD554,147,44,1129,13661,No,80
IDHR023,567,98,5787,8151,No,80
IDSL140,693,62,19164,15832,No,80
IDRD709,1110,82,4822,14933,Yes,80
IDRD535,256,99,4429,22015,No,80
IDHR052,1258,37,9040,5110,No,80
IDRD194,1495,60,5913,17133,No,80
IDRD355,750,70,2436,25923,No,80
IDRD394,209,47,13922,13175,No,80
IDRD204,109,56,2701,24001,No,80
IDSL049,337,86,4166,13456,No,80
IDSL397,490,33,13824,17729,No,80
IDSL125,1240,64,5352,12948,No,80
IDRD086,1450,53,3177,18789,Yes,80
IDRD507,1301,58,12428,9697,No,80
IDRD699,1390,70,3026,8700,Yes,80
IDRD644,1121,32,2018,26067,No,80
IDRD353,200,58,10096,23969,No,80
IDHR034,1492,33,5261,13767,Yes,80
IDRD500,150,84,15981,11389,No,80
IDSL388,142,85,7845,18400,No,80
IDHR003,628,57,10998,3588,No,80
IDRD626,1199,32,2050,3342,Yes,80
IDRD830,421,88,2290,2243,Yes,80
IDRD757,684,92,5958,23008,No,80
IDRD559,1307,31,5831,11213,No,80
IDRD918,1300,41,3737,6377,Yes,80
IDRD798,346,92,5620,21576,No,80
IDRD443,1110,71,4428,6062,Yes,80
IDRD919,1230,95,2717,5399,Yes,80
IDRD375,1490,85,2516,17410,No,80
IDSL436,392,37,2223,25571,No,80
IDRD297,111,79,5463,16966,No,80
IDRD303,222,34,3325,16735,No,80
IDRD910,1327,94,8839,16333,No,80
IDRD777,111,87,7949,15254,No,80
IDRD098,289,65,3376,20836,No,80
IDRD763,823,78,19382,21425,No,80
IDSL034,1281,51,2705,6850,No,80
IDRD484,1192,90,4408,21593,No,80
IDRD456,158,88,2013,26470,Yes,80
IDSL238,218,32,2578,2227,Yes,80
IDRD106,261,46,3712,2125,Yes,80
IDHR024,634,67,2344,4560,Yes,80
IDRD424,287,86,5665,21279,No,80
IDRD411,170,89,4800,16375,No,80
IDRD957,476,30,13806,4160,No,80
IDRD616,1282,52,6479,19784,Yes,80
IDRD196,442,34,5475,2227,Yes,80
IDRD939,1239,61,2323,24303,No,80
IDRD072,1492,76,4945,13052,No,80
IDRD408,677,70,2738,8927,No,80
IDSL150,275,71,5341,20394,No,80
IDRD029,863,73,2268,15781,No,80
IDRD807,313,68,4249,15579,Yes,80
IDRD876,727,84,2384,6937,No,80
IDRD667,1232,70,2018,6845,Yes,80
IDSL023,917,45,5477,14662,No,80
IDSL098,1426,43,6513,14493,No,80
IDRD350,1389,45,2814,4563,No,80
IDRD486,1416,56,2707,6457,No,80
IDSL430,837,39,6339,23005,No,80
IDRD234,627,54,2310,15932,No,80
IDSL286,309,100,6308,14879,No,80
IDRD445,564,75,4029,18363,Yes,80
IDSL305,1148,89,4502,24412,Yes,80
IDRD135,111,63,2331,26933,No,80
IDRD602,320,81,4262,3991,No,80
IDRD566,604,41,6294,8622,No,80
IDRD475,1369,61,2433,12756,No,80
IDRD860,111,47,16084,14897,Yes,80
IDRD215,194,44,18246,17587,No,80
IDSL089,609,60,4697,21415,No,80
IDSL119,778,31,5410,25506,Yes,80
IDRD861,905,59,19847,15650,No,80
IDSL269,341,36,4848,10709,Yes,80
IDRD637,963,38,2186,16088,No,80
IDRD130,367,31,3250,6273,No,80
IDRD477,976,60,2084,7962,No,80
IDSL256,826,100,16140,9890,No,80
IDRD780,704,92,2190,22525,No,80
IDRD733,247,80,2591,2956,No,80
IDRD167,1491,93,13290,2227,No,80
IDHR025,111,56,19181,3518,No,80
IDSL063,1145,38,2234,5512,No,80
IDSL220,190,74,2162,20207,Yes,80
IDRD233,1462,91,2265,10856,No,80
IDRD808,1393,80,3341,26914,Yes,80
IDRD576,671,91,2342,26914,No,80
IDRD803,572,73,3071,4772,No,80
IDRD342,862,50,2426,15888,No,80
IDRD643,594,88,10504,2612,No,80
IDRD545,212,97,2700,17012,No,80
IDSL022,107,63,5348,22777,No,80
IDRD495,307,74,18132,22358,Yes,80
IDSL224,1115,99,2728,18156,No,80
IDRD210,665,46,5245,4232,No,80
IDSL303,1285,60,2102,15758,Yes,80
IDRD034,996,80,9095,2137,No,80
IDRD103,811,86,2835,2243,Yes,80
IDRD465,111,96,3375,22821,No,80
IDRD560,386,44,4878,16236,No,80
IDRD455,843,46,3972,11702,Yes,80
IDHR039,923,94,4753,8065,No,80
IDRD955,550,58,5742,12199,No,80
IDRD529,179,51,2320,16021,No,80
IDRD630,462,90,5480,24902,No,80
IDRD356,1386,82,10029,11675,No,80
IDRD895,471,81,3823,17755,No,80
IDSL390,326,58,4709,20850,Yes,80
IDRD881,1216,97,10730,26933,No,80
IDRD001,368,37,7062,21533,No,80
IDSL395,420,47,6703,3350,Yes,80
IDRD168,156,41,10293,16369,No,80
IDRD432,1008,46,2607,26897,No,80
IDRD621,1208,95,5547,13863,No,80
IDRD706,136,53,3512,14055,No,80
IDRD121,1034,66,2980,2125,Yes,80
IDSL295,171,71,19833,24493,No,80
IDRD075,689,57,4142,17598,No,80
IDSL413,417,64,6670,25173,No,80
IDSL050,1482,32,5831,16309,No,80
IDRD510,516,52,4944,16690,Yes,80
IDRD812,1412,49,5098,12737,No,80
IDSL320,992,91,4157,11439,Yes,80
IDSL103,1025,85,2396,4887,Yes,80
IDRD712,327,59,3996,5049,No,80
IDSL084,651,65,19363,23711,Yes,80
IDRD028,221,44,18327,20859,No,80
IDSL341,580,84,4513,10816,Yes,80
IDRD420,233,87,3086,9132,No,80
IDSL240,799,34,18223,7446,Yes,80
IDRD707,1133,71,19797,22544,No,80
IDSL116,620,98,1331,9234,Yes,80
IDRD950,109,94,4631,9289,Yes,80
IDRD235,334,83,4848,13475,No,80
IDSL369,1151,86,7099,9447,No,80
IDSL412,865,88,4500,25898,No,80
IDRD951,548,99,4813,16389,No,80
IDRD853,981,35,2799,18175,Yes,80
IDRD753,662,84,2914,3202,No,80
IDSL391,884,97,5720,16656,No,80
IDSL044,138,75,4732,14050,No,80
IDRD296,1378,45,5269,10941,No,80
IDRD298,1243,77,10973,13674,No,80
IDSL262,703,51,9202,22229,No,80
IDRD814,227,62,2593,9359,No,80
IDSL180,364,74,6856,23056,No,80
IDRD216,289,96,10921,15570,No,80
IDSL011,830,30,6285,17656,No,80
IDSL134,1370,97,5769,21444,No,80
IDRD363,1456,96,7628,3318,Yes,80
IDRD012,107,64,4213,20153,No,80
IDRD428,760,66,2848,9150,Yes,80
IDSL110,565,78,4895,5680,No,80
IDRD089,1338,45,5383,2664,No,80
IDSL353,1204,59,11920,9261,Yes,80
IDSL133,1281,30,4339,12262,No,80
IDRD064,989,30,2839,21285,No,80
IDRD102,136,53,17581,16611,No,80
IDRD023,503,85,3502,17932,Yes,80
IDRD285,1490,81,16223,10084,No,80
IDRD388,387,83,1102,20949,No,80
IDRD220,869,39,6196,15871,No,80
IDRD767,978,96,19767,15254,No,80
IDSL438,579,47,5359,21867,No,80
IDRD236,1383,88,6455,13053,Yes,80
IDRD449,567,54,2964,20114,No,80
IDRD315,1072,74,13395,24259,Yes,80
IDRD390,1470,53,13872,9368,No,80
IDRD171,659,33,5496,3177,No,80
IDRD270,1296,32,3006,23683,Yes,80
IDSL040,1152,77,8208,14155,No,80
IDRD308,1210,57,5626,19698,Yes,80
IDSL192,549,72,4047,3148,No,80
IDRD230,265,77,5347,24474,No,80
IDRD958,1142,61,4949,26643,No,80
IDHR027,710,62,2288,2125,No,80
IDRD479,1471,87,17734,15322,No,80
IDRD923,486,82,13481,14735,No,80
IDRD596,802,78,19002,7338,Yes,80
IDRD886,1490,81,4912,22633,No,80
IDSL046,824,69,6375,24002,Yes,80
IDHR012,916,62,17196,19721,No,80
IDRD632,1127,85,19306,25092,No,80
IDRD628,704,85,4676,24896,No,80
IDSL001,599,97,2036,25232,No,80
IDSL214,738,32,10546,4332,Yes,80
IDRD416,1197,90,2864,16654,No,80
IDRD685,193,87,2781,7704,No,80
IDRD152,340,35,5730,14648,No,80
IDRD856,1383,42,5343,19824,Yes,80
IDHR017,536,89,17628,8045,Yes,80
IDRD548,928,62,8492,20927,No,80
IDRD038,117,75,5800,12483,No,80
IDSL261,696,63,10929,19934,No,80
IDSL439,281,66,2524,3044,Yes,80
IDRD113,270,41,4756,15689,No,80
IDRD349,568,80,2547,9452,Yes,80
IDSL302,437,87,8837,7962,No,80
IDSL166,143,67,10430,17472,No,80
IDSL031,1152,62,16183,20258,No,80
IDRD005,400,41,7503,15520,No,80
IDRD156,909,98,3022,10570,No,80
IDRD019,130,55,17226,19506,Yes,80
IDRD399,531,77,2398,5335,Yes,80
IDSL288,1298,49,2501,8919,No,80
IDRD672,390,44,3358,9144,No,80
IDSL159,337,79,18662,22880,Yes,80
IDRD084,1471,40,10408,23674,No,80
IDSL059,1204,84,5369,7029,No,80
IDRD244,850,78,1118,11893,No,80
IDSL377,1103,50,8866,16540,Yes,80
IDHR006,1020,90,2403,14157,No,80
IDRD115,1049,51,2441,2125,No,80
IDSL042,580,62,5264,24995,No,80
IDSL102,223,69,8667,4550,No,80
IDRD589,1053,80,4934,6236,Yes,80
IDRD711,534,80,1223,9333,No,80
IDSL425,111,64,7267,26850,No,80
IDSL036,984,68,2587,9711,No,80
IDSL431,1007,74,6045,2137,No,80
IDRD579,874,47,4813,17260,Yes,80
IDHR037,743,43,7594,14065,Yes,80
IDRD252,1142,89,5160,16357,No,80
IDSL363,443,79,10377,25432,No,80
IDRD042,534,55,3878,19302,Yes,80
IDRD754,1319,64,2774,18116,No,80
IDRD580,489,48,6515,7963,Yes,80
IDRD740,211,51,6911,10602,No,80
IDRD794,1495,68,3324,23145,Yes,80
IDSL283,1000,84,9449,23868,Yes,80
IDRD293,111,92,2948,9628,No,80
IDRD496,125,36,13406,19479,No,80
IDRD884,687,87,2461,9867,No,80
IDSL200,1353,54,1325,18153,Yes,80
IDRD030,516,60,3887,16770,No,80
IDSL275,1367,53,1212,9205,No,80
IDSL435,1490,55,4587,21472,Yes,80
IDSL284,1263,31,2893,20030,No,80
IDSL205,1212,84,6218,19739,No,80
IDRD446,849,40,4496,16590,No,80
IDRD846,246,61,5459,6975,No,80
IDRD871,770,43,4288,9407,No,80
IDRD454,814,95,5790,14270,No,80
IDRD345,370,44,2571,3490,No,80
IDRD922,345,61,10570,15025,No,80
IDRD734,1411,76,1761,5101,No,80
IDRD060,131,50,2723,7973,Yes,80
IDRD054,1203,55,10096,8245,No,80
IDSL043,586,73,2890,16903,No,80
IDRD144,323,68,7484,23275,No,80
IDSL085,442,96,5442,2243,Yes,80
IDSL195,1305,55,4033,4998,No,80
IDRD425,747,54,1118,23854,No,80
IDSL315,286,83,15308,12389,No,80
IDRD133,449,90,19812,3652,No,80
IDRD359,1336,45,4411,26239,No,80
IDRD894,1048,76,1466,14706,Yes,80
IDRD819,351,95,8745,5911,No,80
IDRD903,599,90,17931,12902,No,80
IDRD095,594,69,1169,25752,Yes,80
IDRD696,1133,50,2116,3189,No,80
IDSL247,871,33,1129,14566,No,80
IDRD635,579,47,2389,6058,Yes,80
IDRD087,498,94,2239,8092,Yes,80
IDRD466,859,66,2966,5245,No,80
IDRD310,134,33,3008,21914,Yes,80
IDRD649,277,87,2206,19312,No,80
IDRD878,1180,54,2146,2243,Yes,80
IDRD587,649,78,5849,10164,Yes,80
IDRD837,661,59,4664,17298,No,80
IDSL210,409,65,19783,25924,Yes,80
IDRD940,1397,62,6941,18940,Yes,80
IDRD521,1219,31,4704,7062,Yes,80
IDSL007,613,41,4338,11498,No,80
IDRD654,1415,87,2072,14638,Yes,80
IDSL260,326,34,4741,14480,No,80
IDRD851,1481,46,4630,11359,No,80
IDRD774,979,73,3449,3552,Yes,80
IDRD636,822,57,4366,20256,Yes,80
IDRD648,366,80,3857,17358,No,80
IDRD022,831,49,4994,24115,No,80
IDRD785,1109,34,1118,25279,No,80
IDRD671,492,85,17528,14761,No,80
IDRD265,556,63,5648,23035,No,80
IDRD820,430,51,2056,10035,No,80
IDRD739,1015,34,13487,25515,No,80
IDSL018,349,96,6047,16586,No,80
IDRD801,107,49,4406,10899,No,80
IDRD530,938,59,6339,12973,Yes,80
IDRD600,1246,81,2263,15533,No,80
IDHR035,476,40,14015,13618,No,80
IDRD217,522,69,11875,9553,No,80
IDSL243,657,59,10629,22646,No,80
IDRD765,369,66,1394,3681,Yes,80
IDRD253,723,60,3491,26053,No,80
IDRD320,1479,63,13664,5687,No,80
IDRD460,610,73,10251,26273,No,80
IDRD551,260,95,13323,18178,No,80
IDRD504,596,76,2284,13982,No,80
IDSL229,438,97,1200,21953,No,80
IDHR031,231,80,19210,13413,No,80
IDRD741,703,95,2375,10293,No,80
IDRD080,1150,94,7938,23825,No,80
IDHR048,543,52,16451,26914,Yes,80
IDRD915,375,91,10530,2137,No,80
IDSL188,1439,69,9432,9616,No,80
IDSL386,658,72,5074,17823,Yes,80
IDRD608,1286,30,2379,19978,No,80
IDRD822,1007,92,5459,2269,No,80
IDRD858,1297,81,15493,24115,No,80
IDHR047,111,52,3985,11193,Yes,80
IDSL196,571,35,17992,26862,No,80
IDRD302,887,93,3211,8307,No,80
IDHR057,177,59,2191,13983,No,80
IDRD935,1495,40,4485,9960,No,80
IDRD045,480,54,2071,26933,No,80
IDRD889,504,42,2140,6059,No,80
IDRD662,1222,85,3917,24351,No,80
IDSL019,126,96,19271,15740,No,80
IDSL328,1127,70,10080,21825,Yes,80
IDRD085,919,68,6767,2125,No,80
IDRD760,1229,33,7419,6636,No,80
IDRD288,910,44,2479,19369,No,80
IDRD745,184,30,2108,20418,No,80
IDRD090,144,40,2753,14897,No,80
IDSL226,353,62,6158,14714,Yes,80
IDSL421,1295,39,5056,23709,Yes,80
IDRD214,1482,60,2382,16570,No,80
IDSL389,1376,49,2682,15105,No,80
IDRD570,1361,48,18499,13792,Yes,80
IDSL094,111,95,19724,25221,No,80
IDRD756,1180,88,6332,23454,No,80
IDRD698,680,37,7376,23035,Yes,80
IDRD883,1041,94,1441,16773,Yes,80
IDRD750,791,62,4266,17125,Yes,80
IDRD627,228,80,5767,14744,No,80
IDSL158,1251,48,4964,18798,No,80
IDRD835,1257,40,17404,13595,Yes,80
IDRD243,554,80,2812,18482,Yes,80
IDRD290,1345,78,2392,7266,Yes,80
IDRD393,543,52,13898,8795,No,80
IDRD160,1100,95,2317,17594,No,80
IDRD546,465,89,9203,13731,No,80
IDHR016,117,87,4959,3002,No,80
IDSL380,279,60,4657,16195,No,80
IDRD185,1490,64,19802,22900,No,80
IDSL184,256,69,2577,7924,Yes,80
IDSL171,1373,32,6290,23569,No,80
IDRD735,1389,45,19538,15958,No,80
IDSL147,415,32,4939,3582,No,80
IDRD314,1260,44,2108,26735,No,80
IDRD224,927,71,3175,26933,Yes,80
IDRD550,369,78,19717,26914,No,80
IDRD609,550,94,4305,23256,Yes,80
IDRD100,815,31,8918,24271,Yes,80
IDSL146,1423,88,17846,15805,No,80
IDSL293,1312,44,10231,17334,Yes,80
IDRD311,563,67,6399,2137,No,80
IDRD558,1492,36,8682,13077,Yes,80
IDRD015,911,51,2346,14211,No,80
IDSL152,654,61,5517,12447,Yes,80
IDRD281,1237,30,6955,21709,No,80
IDRD904,851,30,3878,7292,No,80
IDRD033,652,70,10599,3142,No,80
IDSL374,662,43,5871,5942,No,80
IDSL132,1254,86,2370,6432,No,80
IDSL062,739,69,6731,4828,No,80
IDRD145,423,44,6162,12941,No,80
IDRD452,1290,45,4822,14637,Yes,80
IDRD816,247,73,2570,3639,No,80
IDRD433,575,34,6440,14236,No,80
IDSL312,696,100,13356,18999,No,80
IDHR049,1000,91,16934,14339,No,80
IDSL338,696,50,2167,24658,Yes,80
IDRD781,1395,56,13073,2227,Yes,80
IDSL268,1346,55,5546,23026,No,80
IDRD274,183,57,2993,5069,No,80
IDRD134,929,99,4611,9195,No,80
IDRD909,1401,67,2900,26270,Yes,80
IDSL104,715,52,6993,14825,No,80
IDSL336,111,78,6787,19439,Yes,80
IDRD869,531,88,10272,21891,No,80
IDSL441,311,79,4732,14599,Yes,80
IDSL053,1415,98,9454,12418,No,80
IDRD140,860,78,2657,26387,Yes,80
IDSL361,590,52,4460,13533,No,80
IDRD916,197,45,10889,25816,No,80
IDSL081,460,43,4204,23939,No,80
IDSL339,1455,97,6162,9111,No,80
IDSL406,729,84,18929,15549,No,80
IDRD228,262,98,2538,6051,Yes,80
IDRD795,132,100,3280,13932,No,80
IDRD246,675,57,16205,8578,Yes,80
IDRD928,603,81,3417,17344,Yes,80
IDRD179,1495,36,17357,17732,No,80
IDSL399,228,52,15308,25674,No,80
IDSL074,581,82,2888,16100,Yes,80
IDRD476,1127,53,2991,5595,No,80
IDSL409,933,58,4215,9330,No,80
IDHR042,909,30,9717,16395,Yes,80
IDRD289,839,89,19697,7330,No,80
IDRD908,422,96,3837,2227,No,80
IDSL287,1295,74,6871,14723,Yes,80
IDSL237,204,45,6046,18033,No,80
IDRD701,1141,95,1102,24575,No,80
IDRD262,519,39,5804,21294,Yes,80
IDRD652,327,71,10341,19352,Yes,80
IDSL274,268,75,2651,23497,Yes,80
IDRD351,1473,49,2820,4316,No,80
IDRD647,498,38,13484,17362,No,80
IDRD791,535,90,7437,12436,Yes,80
IDSL168,474,50,19699,26897,No,80
IDRD937,1327,39,10703,3059,No,80
IDSL414,640,30,6013,2925,Yes,80
IDRD744,944,70,2113,7243,No,80
IDRD258,642,45,4595,19391,Yes,80
IDRD439,1222,80,5071,18903,No,80
IDSL055,459,54,10386,14853,No,80
IDRD395,1483,95,19270,14731,Yes,80
IDSL185,475,60,3968,4392,No,80
IDSL207,578,91,2973,15412,No,80
IDRD945,1309,80,13680,20930,No,80
IDSL365,934,56,8269,12615,No,80
IDRD683,547,33,19021,24905,Yes,80
IDRD553,1358,45,4777,14912,Yes,80
IDRD731,1490,92,10561,21396,Yes,80
IDRD588,1371,38,13409,18576,No,80
IDSL250,1376,54,8595,12177,No,80
IDSL337,947,53,6698,18817,No,80
IDRD261,1132,80,6126,17719,No,80
IDRD326,630,37,3177,22916,No,80
IDRD564,816,67,2070,6112,No,80
IDRD352,530,72,4064,15400,No,80
IDRD513,820,78,5020,18458,No,80
IDRD668,881,78,2991,23451,Yes,80
IDRD208,473,95,4578,23951,No,80
IDRD020,227,49,5605,2243,No,80
IDRD771,446,32,3716,20755,Yes,80
IDSL203,1342,32,5946,26897,No,80
IDRD431,111,53,2999,15809,No,80
IDRD076,1239,37,1118,5577,No,80
IDSL197,1291,85,6300,18331,Yes,80
IDRD333,111,96,1129,22792,Yes,80
IDRD804,451,90,3146,17751,Yes,80
IDRD557,235,31,13456,17169,No,80
IDRD078,796,62,13177,23656,Yes,80
IDSL056,973,70,5991,15073,No,80
IDSL371,1495,76,8029,14500,Yes,80
IDRD319,1443,73,1129,10617,No,80
IDRD255,215,46,8223,7967,No,80
IDRD522,281,83,17410,19128,No,80
IDSL316,806,41,6059,16087,No,80
IDSL411,257,42,4798,12120,Yes,80
IDSL174,203,55,10472,14197,No,80
IDRD186,491,36,4342,9540,No,80
IDHR002,111,31,5350,17731,Yes,80
IDRD787,519,48,3087,13093,No,80
IDRD354,240,69,10154,7505,Yes,80
IDSL432,1111,90,9158,17519,No,80
IDRD410,580,88,3604,26894,No,80
IDRD435,1475,52,2341,22977,Yes,80
IDSL035,319,36,5704,4292,No,80
IDSL066,548,46,5297,6513,Yes,80
IDRD892,481,74,3978,26862,No,80
IDRD205,958,44,2785,15220,No,80
IDRD003,141,62,3056,21152,No,80
IDRD573,912,51,18862,6389,No,80
IDRD172,1283,95,4225,14265,No,80
IDRD610,241,58,2530,9965,Yes,80
IDRD478,1011,74,4075,4309,No,80
IDRD872,1046,30,3514,20495,No,80
IDRD010,1320,31,2301,13786,No,80
IDRD357,613,55,19847,25593,Yes,80
IDHR051,475,96,5348,17661,No,80
IDSL149,540,86,7532,10176,No,80
IDSL161,115,42,5205,11784,No,80
IDRD309,791,59,2223,23755,No,80
IDRD386,1146,31,4888,6552,No,80
IDSL218,590,58,13274,12435,No,80
IDRD676,243,41,3762,17030,Yes,80
IDRD422,739,77,2073,11086,No,80
IDRD841,561,77,6838,18312,Yes,80
IDRD800,1441,90,2007,2641,No,80
IDSL290,1492,66,8805,4007,Yes,80
IDSL330,183,47,5637,18377,Yes,80
IDSL039,1306,52,4596,12290,Yes,80
IDRD404,1189,68,3980,6637,No,80
IDRD199,1232,30,8646,25449,No,80
IDRD843,629,87,16666,21254,No,80
IDRD337,286,86,1682,26069,Yes,80
IDRD047,1381,75,2393,21164,Yes,80
IDSL211,1306,39,5178,4579,No,80
IDSL092,417,64,8775,3250,No,80
IDRD714,706,98,8032,2198,No,80
IDHR038,774,77,5421,16565,No,80
IDRD929,557,67,2691,12316,Yes,80
IDSL095,1030,57,2590,22038,Yes,80
IDSL219,587,88,5722,13962,No,80
IDRD002,291,66,10047,7369,No,80
IDSL310,1130,71,2332,16390,No,80
IDSL139,423,64,5422,12149,No,80
IDRD221,831,66,2686,7004,No,80
IDRD040,415,55,3474,17804,No,80
IDSL121,626,70,6445,21788,No,80
IDRD614,1171,43,3823,17018,Yes,80
IDRD249,499,38,6920,17174,Yes,80
IDRD736,1239,75,2148,18035,Yes,80
IDSL047,343,100,2918,5928,No,80
IDSL233,146,72,2907,24257,No,80
IDRD925,593,45,5655,22125,No,80
IDRD380,107,86,10248,10522,No,80
IDRD732,1490,89,5272,9733,Yes,80
IDSL141,1492,75,16872,13466,No,80
IDSL186,107,60,13133,12144,No,80
IDRD391,1266,35,4467,19739,No,80
IDRD458,897,50,4943,10988,Yes,80
IDRD284,502,75,4225,18879,No,80
IDRD700,1409,60,11045,2125,Yes,80
IDRD286,1173,56,9727,7110,No,80
IDSL335,1040,40,19717,14994,No,80
IDSL083,808,88,4222,13470,No,80
IDHR032,1188,38,10886,12017,Yes,80
IDHR050,530,81,2903,26208,No,80
IDRD229,508,70,19565,2181,No,80
IDRD527,314,85,8612,5933,No,80
IDRD776,1302,58,2666,15125,No,80
IDRD612,1212,57,11224,26862,No,80
IDRD605,1085,98,4988,15936,No,80
IDSL344,148,99,13860,12214,No,80
IDRD583,1319,31,3822,6228,No,80
IDRD887,927,57,4876,7483,No,80
IDRD722,333,59,2533,4137,No,80
IDRD347,587,59,5378,21938,No,80
IDRD726,224,60,2374,14229,No,80
IDRD617,1288,78,9149,2888,No,80
IDRD031,1490,32,3400,17542,No,80
IDRD295,989,38,19690,23374,Yes,80
IDRD552,581,68,3403,4104,No,80
IDRD124,1238,44,2303,4072,No,80
IDSL194,160,32,10879,9509,No,80
IDRD070,125,97,6411,5463,Yes,80
IDRD182,422,87,2147,21104,No,80
IDRD613,667,82,19251,13242,Yes,80
IDSL193,1356,55,2277,18252,No,80
IDSL151,243,53,19196,24988,No,80
IDRD492,1291,97,4970,15631,No,80
IDSL323,401,91,1876,24385,No,80
IDRD488,552,99,1102,15508,No,80
IDRD035,893,64,2193,26933,Yes,80
IDRD541,1113,41,19827,6171,Yes,80
IDRD670,109,36,18350,25055,No,80
IDSL366,1385,59,4499,15153,Yes,80
IDHR030,560,45,2528,15342,No,80
IDSL027,999,94,4439,18633,Yes,80
IDRD742,659,85,3319,20012,No,80
IDSL170,1495,59,2499,2125,No,80
IDRD111,490,71,2188,18118,No,80
IDRD682,1416,89,15444,6902,No,80
IDSL401,1495,77,4044,11669,No,80
IDSL206,210,47,16235,3806,Yes,80
IDRD316,444,76,4909,10949,No,80
IDRD178,1061,74,2391,6989,No,80
IDRD197,320,92,19345,26897,No,80
IDRD948,1340,97,8786,24613,Yes,80
IDSL278,1414,44,5258,16679,No,80
IDRD607,1180,77,4705,24640,No,80
IDRD277,1083,30,3589,14240,Yes,80
IDRD091,926,79,5497,26633,Yes,80
IDHR054,1495,61,2777,9104,No,80
IDSL213,124,75,13292,6703,Yes,80
IDRD540,1329,32,2218,12221,No,80
IDSL372,217,51,1404,2267,No,80
IDRD686,1376,78,2318,15196,Yes,80
IDRD839,1022,52,16666,2125,No,80
IDSL108,1402,97,2414,15815,No,80
IDSL292,1189,42,6718,11286,No,80
IDSL420,657,70,10345,14511,No,80
IDSL114,1163,94,8290,15034,No,80
IDRD718,646,89,16742,14251,Yes,80
IDRD325,676,39,5760,2653,No,80
IDRD797,720,87,3974,13907,Yes,80
IDSL416,438,39,2450,10021,No,80
IDRD069,1335,87,2796,14557,Yes,80
IDRD941,915,76,2792,26424,No,80
IDSL198,419,92,3409,11881,No,80
IDRD772,624,82,4539,17762,No,80
IDRD834,580,51,4858,7158,No,80
IDRD011,1275,66,2378,16110,No,80
IDRD058,147,93,16616,25213,Yes,80
IDSL182,485,51,2093,7332,No,80
IDRD724,1034,33,2856,18355,No,80
IDRD575,1450,95,9753,8937,No,80
IDSL006,1433,97,8274,6784,Yes,80
IDSL077,891,53,1854,7133,No,80
IDRD710,483,54,4908,15824,No,80
IDSL099,1388,98,7822,15915,Yes,80
IDRD639,539,45,2223,9382,No,80
IDSL144,457,52,13356,3080,No,80
IDRD448,109,72,3679,25193,No,80
IDRD164,323,46,1649,4051,No,80
IDRD547,777,79,4472,12329,No,80
IDRD421,107,45,5446,7729,Yes,80
IDRD898,143,91,2546,26173,No,80
IDRD502,433,30,4435,14451,Yes,80
IDRD737,606,32,2986,26914,Yes,80
IDRD063,111,78,10186,15938,No,80
IDRD687,618,70,9798,15995,No,80
IDSL257,433,68,4497,11046,No,80
IDSL060,1025,45,19268,22512,No,80
IDRD150,1378,92,5020,23817,No,80
IDRD840,1322,41,1102,6211,No,80
IDRD148,320,44,4326,20155,No,80
IDRD704,1440,54,4454,12339,No,80
IDRD949,1167,41,4775,16918,No,80
IDRD382,1432,53,8258,23471,No,80
IDSL176,514,78,6637,23254,No,80
IDSL355,586,55,8200,15544,No,80
IDRD845,463,58,2297,14470,No,80
IDRD879,1384,97,7481,16774,No,80
IDRD914,1075,98,3807,20436,No,80
IDRD450,1467,35,2377,12670,Yes,80
IDRD068,602,30,19499,2137,Yes,80
IDRD809,1244,51,4140,4728,No,80
IDSL241,238,64,8584,22695,No,80
IDRD109,1432,95,10862,19835,No,80
IDSL252,252,74,5526,14290,No,80
IDSL265,212,74,14602,19293,Yes,80
IDSL433,136,81,2009,26842,No,80
IDRD250,290,31,2119,20488,Yes,80
IDRD900,861,73,5815,9604,Yes,80
IDRD666,696,30,7297,15159,No,80
IDRD142,107,38,7000,5135,No,80
IDRD665,274,43,4673,15898,Yes,80
IDSL230,186,46,4927,5187,No,80
IDHR055,670,51,2598,23636,Yes,80
IDHR015,362,83,4107,11865,Yes,80
IDRD050,940,72,2640,22288,No,80
IDRD655,1131,81,3354,3979,No,80
IDRD832,346,96,4211,13880,No,80
IDRD052,699,61,2376,6983,No,80
IDRD499,247,46,2109,4638,No,80
IDSL427,1078,43,5026,12007,Yes,80
IDSL417,227,57,7717,20387,Yes,80
IDRD269,212,45,2064,13323,No,80
IDSL189,299,48,4850,21428,No,80
IDRD833,474,70,15212,3102,No,80
IDRD786,1455,83,2893,15980,No,80
IDRD663,132,74,2434,12020,No,80
IDRD256,183,65,16771,23127,No,80
IDHR062,107,61,19410,2855,Yes,80
IDSL291,388,60,4201,11236,Yes,80
IDRD237,847,37,2101,16458,No,80
IDRD332,691,71,2719,13180,No,80
IDRD006,344,86,4629,12195,No,80
IDRD482,809,95,10097,17265,Yes,80
IDSL279,794,57,4831,7058,No,80
IDRD223,111,64,4348,4972,Yes,80
IDRD401,483,59,4770,13478,No,80
IDRD413,893,81,3561,22389,No,80
IDSL073,1007,47,16167,23598,Yes,80
IDHR001,833,34,6052,20832,No,80
IDRD279,492,58,2516,15057,No,80
IDRD389,1369,99,8496,25079,No,80
IDRD161,969,78,2416,15405,No,80
IDRD674,858,87,19323,13354,No,80
IDRD528,140,31,1266,6217,No,80
IDRD688,667,36,13154,7879,No,80
IDRD673,1178,49,2286,10394,Yes,80
IDRD203,1050,45,6494,8625,No,80
IDRD864,948,56,2381,15080,No,80
IDRD101,1232,70,5575,24822,No,80
IDSL212,994,36,4781,8808,Yes,80
IDRD526,796,32,3018,16320,No,80
IDRD817,169,71,6352,17101,No,80
IDSL009,1255,62,4377,10759,No,80
IDRD842,1106,84,2015,15142,No,80
IDRD266,710,52,4745,23181,No,80
IDSL381,1324,39,3020,10982,No,80
IDRD938,1242,93,4988,15926,No,80
IDRD275,252,73,3758,15243,No,80
IDRD512,834,90,16954,22794,No,80
IDSL038,796,60,2737,2344,Yes,80
IDRD659,1274,64,5470,8959,No,80
IDSL136,1301,59,16581,17714,Yes,80
IDRD490,350,58,16763,26341,No,80
IDRD453,636,41,17705,25725,No,80
IDRD584,476,76,3029,6959,No,80
IDSL051,388,54,5211,22697,Yes,80
IDRD964,873,64,2823,12125,No,80
IDRD383,755,97,3660,12004,No,80
IDRD131,479,93,2333,2125,No,80
IDSL309,891,96,4114,4317,No,80
IDRD680,338,48,3806,15217,No,80
IDRD823,201,76,1472,12274,No,80
IDRD127,854,64,3286,11561,Yes,80
IDRD043,1112,94,7362,11309,Yes,80
IDSL010,616,57,1370,23238,No,80
IDRD695,855,68,2896,3354,No,80
IDRD931,722,42,16078,15664,Yes,80
IDSL314,1353,60,5220,4001,No,80
IDSL153,1250,58,2274,8482,No,80
IDRD365,1489,43,5084,7611,No,80
IDRD675,204,41,2274,16732,No,80
IDRD245,717,39,19740,10613,No,80
IDRD693,109,86,4697,17759,No,80
IDRD611,1112,92,5460,7271,No,80
IDRD367,167,90,19417,9508,Yes,80
IDRD066,1316,92,3412,8751,No,80
IDSL351,351,87,6239,23563,Yes,80
IDRD051,537,58,10217,22465,No,80
IDSL016,886,84,7730,25418,No,80
IDRD531,877,94,1502,5301,Yes,80
IDSL281,715,39,7707,2188,No,80
IDRD096,787,70,2956,17022,No,80
IDRD024,567,93,6247,23421,Yes,80
IDRD792,1246,84,2119,20109,No,80
IDRD768,504,89,6321,12485,Yes,80
IDRD905,1335,43,4514,23058,No,80
IDRD280,123,75,5397,2751,Yes,80
IDRD719,318,47,5177,24964,No,80
IDRD543,154,83,10055,7654,No,80
IDRD046,517,40,2672,15065,No,80
IDRD094,122,44,19301,7522,Yes,80
IDRD306,111,68,19626,6075,No,80
IDSL313,195,100,5038,6289,Yes,80
IDRD725,1430,68,3776,12879,No,80
IDSL296,657,88,4801,11626,No,80
IDRD497,469,71,4449,26451,Yes,80
IDRD292,161,93,7307,15084,Yes,80
IDRD893,957,64,4085,15690,Yes,80
IDRD242,1141,42,2094,10509,Yes,80
IDRD930,1318,46,2984,6022,No,80
IDRD151,401,62,2280,10241,No,80
IDRD629,1432,45,1893,19313,No,80
IDRD751,132,82,2713,12813,No,80
IDSL021,1095,87,6605,2629,No,80
IDSL249,526,44,4326,11430,Yes,80
IDRD911,1371,79,3742,20582,No,80
IDRD149,626,52,2985,12124,No,80
IDRD865,1337,86,5671,4825,No,80
IDSL321,149,47,9800,20575,No,80
IDSL423,198,89,2208,19126,Yes,80
IDRD212,848,61,6697,13319,No,80
IDRD321,1362,68,2064,24937,No,80
IDRD789,1404,75,18134,10704,Yes,80
IDRD694,177,85,15828,11378,Yes,80
IDHR036,1185,32,2922,22023,Yes,80
IDRD463,527,67,1118,9803,No,80
IDSL277,1492,100,4314,17658,Yes,80
IDRD782,698,53,9631,3138,No,80
IDSL231,697,52,9861,13688,Yes,80
IDRD824,640,75,13632,17652,No,80
IDSL096,728,90,7196,20554,No,80
IDRD489,852,73,7451,9438,No,80
IDRD059,1388,66,15603,22134,Yes,80
IDRD473,1027,97,2373,5954,No,80
IDRD961,298,87,3915,13989,Yes,80
IDHR028,155,47,9991,25917,No,80
IDRD689,1333,54,5725,15077,No,80
IDRD537,190,32,5002,2983,Yes,80
IDRD555,436,45,4163,5718,No,80
IDRD766,860,62,6494,2191,No,80
IDSL164,449,58,16929,24053,Yes,80
IDRD867,1495,44,2304,15922,No,80
IDSL264,1471,92,17070,13031,No,80
IDRD758,1159,91,6374,15450,No,80
IDSL266,1344,83,1129,21039,No,80
IDRD129,714,43,4057,19401,Yes,80
IDRD374,425,36,4891,6927,No,80
IDRD369,502,33,2724,22913,No,80
IDSL143,925,82,5634,25028,No,80
IDSL362,1144,84,2369,13198,No,80
IDSL129,1149,49,2970,12888,No,80
IDRD157,939,76,3347,14462,No,80
IDRD761,657,37,4896,5459,Yes,80
IDSL124,1345,71,9728,25554,Yes,80
IDRD048,417,88,2275,17622,Yes,80
IDSL015,315,93,4292,26862,No,80
IDRD888,611,53,6204,24570,No,80
IDHR014,804,93,13879,15392,Yes,80
IDRD018,111,97,2213,21462,No,80
IDRD870,116,76,4878,22498,No,80
IDRD511,584,95,4141,17322,No,80
IDRD329,1406,92,2606,10895,No,80
IDRD485,1427,71,2944,16985,Yes,80
IDRD025,571,44,6993,5748,Yes,80
IDSL232,397,57,3594,3355,No,80
IDRD227,1129,96,4273,6175,No,80
IDRD276,158,37,3960,9329,No,80
IDRD743,142,69,2626,5235,No,80
IDSL093,978,52,5821,4492,No,80
IDRD574,617,93,17720,12982,No,80
IDRD965,359,81,3024,17283,No,80
IDRD338,1492,36,3047,2125,No,80
IDRD790,734,96,17536,2227,No,80
IDSL398,1171,32,6224,8033,No,80
IDRD139,1160,82,2004,22784,No,80
IDRD897,968,98,2317,25089,Yes,80
IDRD430,1328,75,3234,24766,No,80
IDRD362,582,93,3471,12554,No,80
IDRD257,1479,99,17639,20242,No,80
IDSL370,561,80,8725,13590,No,80
IDSL404,350,62,4699,14898,No,80
IDRD146,624,69,18944,6622,No,80
IDRD378,129,86,9529,12819,No,80
IDRD509,593,30,2898,22473,No,80
IDHR060,709,100,2918,5108,Yes,80
IDSL379,1304,41,19107,20656,No,80
IDRD107,111,47,9043,26134,No,80
IDRD723,1130,71,2677,23252,No,80
IDHR040,594,93,6847,17291,No,80
IDSL384,415,86,2330,18137,No,80
IDSL253,990,98,1318,11180,No,80
IDRD322,687,86,10643,24027,No,80
IDSL048,1470,56,2102,20380,No,80
IDSL216,666,50,19477,2505,No,80
IDRD656,897,59,3941,6827,No,80
IDRD226,864,90,4012,26914,No,80
IDRD207,1030,92,19215,9625,Yes,80
IDSL052,719,93,19757,8087,No,80
IDSL400,1206,34,5007,18914,No,80
IDRD007,1296,40,3616,3450,No,80
IDRD825,447,32,2788,15940,Yes,80
IDRD125,195,76,13432,9985,Yes,80
IDHR033,618,70,2726,25235,Yes,80
IDRD026,586,41,2876,23877,No,80
IDSL070,1155,87,8893,7512,No,80
IDHR058,653,46,6524,23321,No,80
IDHR011,363,74,3023,16313,No,80
IDSL157,922,87,17475,2125,Yes,80
IDRD956,1425,80,6027,16128,No,80
IDSL407,1214,77,7723,10286,No,80
IDRD271,1012,50,13403,15286,Yes,80
IDRD412,182,94,2889,2320,No,80
IDSL086,107,81,6348,13831,No,80
IDRD372,1093,76,2438,24331,No,80
IDRD811,697,90,4406,15470,No,80
IDSL222,1492,41,2280,16258,No,80
IDRD634,600,37,18109,25251,Yes,80
IDRD873,515,87,5029,26123,Yes,80
IDHR013,611,82,4576,15751,No,80
IDRD578,969,86,19231,12294,No,80
IDRD147,630,60,4095,14045,Yes,80
IDRD641,1075,30,2127,17657,No,80
IDRD598,1359,73,2426,11393,Yes,80
IDRD272,942,94,3438,7305,No,80
IDRD788,1112,56,13833,11454,No,80
IDRD749,132,43,8159,5354,No,80
IDRD849,1357,84,1903,26664,Yes,80
IDSL248,109,100,6072,19198,Yes,80
IDSL350,290,67,4216,21016,No,80
IDSL183,989,34,17854,25336,Yes,80
IDRD231,1176,63,2728,6830,Yes,80
IDRD755,555,59,12835,8334,No,80
IDSL331,165,87,8507,3418,No,80
IDSL029,309,76,2005,9379,No,80
IDSL239,542,79,19834,3965,No,80
IDSL318,323,69,2272,8867,No,80
IDRD806,562,64,2716,26011,No,80
IDRD556,990,70,11569,22373,Yes,80
IDRD188,472,62,6966,23873,No,80
IDSL078,689,56,19815,13150,Yes,80
IDRD468,1396,42,3509,12691,No,80
IDRD334,408,88,4323,10967,No,80
IDRD534,602,36,15876,26623,No,80
IDRD324,1319,79,15233,23424,No,80
IDRD222,1334,35,4256,20324,Yes,80
IDSL145,879,87,4877,8646,No,80
IDRD396,1352,50,5236,10251,No,80
IDSL304,259,95,19650,5596,Yes,80
IDSL065,1148,40,4085,14452,Yes,80
IDRD083,561,73,19403,23722,No,80
IDSL061,432,32,4700,16820,No,80
IDSL169,1463,38,1125,8139,No,80
IDRD327,409,71,5908,9677,No,80
IDSL258,1444,46,6527,26068,No,80
IDRD061,645,77,7705,18901,No,80
IDRD239,819,36,6415,25871,No,80
IDRD516,1282,81,3130,21384,Yes,80
IDRD483,797,83,2339,21968,No,80
IDSL028,330,39,4312,24482,Yes,80
IDRD176,830,42,3931,2227,Yes,80
IDRD267,107,61,4829,12803,No,80
IDRD126,325,93,6504,20088,No,80
IDSL307,1471,32,2707,26110,No,80
IDRD183,1083,100,5561,18624,No,80
IDRD225,213,90,4675,3293,No,80
IDRD697,924,59,10140,25738,No,80
IDRD398,495,58,1233,17340,Yes,80
IDSL368,985,89,9799,9765,No,80
IDSL299,393,34,6524,21660,No,80
IDSL429,1465,47,5748,16088,No,80
IDRD721,920,72,2907,17233,No,80
IDSL251,298,79,17747,18462,No,80
IDSL002,143,61,1398,20415,No,80
IDHR020,1261,97,2842,17394,No,80
IDRD099,915,76,2263,21350,No,80
IDRD653,637,56,2327,9453,No,80
IDRD875,416,99,10484,2243,No,80
IDSL156,1469,95,19235,15592,No,80
IDSL329,836,44,6592,21488,Yes,80
IDSL349,747,35,2948,2913,No,80
IDSL375,214,82,18059,16826,No,80
IDSL138,427,51,10347,13233,No,80
IDRD343,179,49,2431,3651,No,80
IDRD775,530,51,13481,2243,No,80
IDSL190,1350,53,6566,24678,Yes,80
IDRD561,390,70,3417,5180,Yes,80
IDSL135,574,79,2898,15085,No,80
IDRD962,924,31,13002,8178,No,80
IDSL032,209,71,2460,9268,No,80
IDRD913,1116,85,19072,10734,No,80
IDRD899,621,43,5977,12213,No,80
IDSL326,765,85,4038,8190,No,80
IDSL440,1228,80,9367,23327,Yes,80
IDHR022,1153,40,3499,2243,No,80
IDRD474,442,79,4360,15224,No,80
